,base,base,base,base,policy,policy,policy,policy
,Susceptible,total infected,Critical Cases,Diseased,Susceptible,total infected,Critical Cases,Diseased
0.0,8000000.0,0.0,0.0,0.0,8000000.0,0.0,0.0,0.0
1.0,7999999.87123249,0.1002407817099315,0.00030354998129153817,2.921207335013499e-06,7999999.87123249,0.1002407817099315,0.00030354998129153817,2.921207335013499e-06
2.0,7999999.584586699,0.31281802204124376,0.002074291488294562,4.436395303991475e-05,7999999.584586699,0.31281802204124376,0.002074291488294562,4.436395303991475e-05
3.0,7999999.25705758,0.5420478697673071,0.005382369131776863,0.00018773882464943545,7999999.25705758,0.5420478697673071,0.005382369131776863,0.00018773882464943545
4.0,7999998.8840456465,0.7921636568287427,0.010017420490060288,0.0004901349632624024,7999998.8840456465,0.7921636568287427,0.010017420490060288,0.0004901349632624024
5.0,7999998.4602733785,1.0674626394448228,0.015840297065150513,0.0010016782499262203,7999998.4602733785,1.0674626394448228,0.015840297065150513,0.0010016782499262203
6.0,7999997.979724582,1.3724111490881428,0.022770093881868333,0.0017681128843117372,7999997.979724582,1.3724111490881428,0.022770093881868333,0.0017681128843117372
7.0,7999997.435571432,1.7117420693785514,0.03077430214691575,0.0028329279871606486,7999997.435571432,1.7117420693785514,0.03077430214691575,0.0028329279871606486
8.0,7999996.820088664,2.0905480686871134,0.03986145828783339,0.004239141294985488,7999996.820088664,2.0905480686871134,0.03986145828783339,0.004239141294985488
9.0,7999996.124554191,2.514373512936764,0.05007580090806345,0.006030829777074653,7999996.124554191,2.514373512936764,0.05007580090806345,0.006030829777074653
10.0,7999995.339135062,2.9893076122567273,0.06149355667951309,0.008254479706372685,7999995.339135062,2.9893076122567273,0.06149355667951309,0.008254479706372685
11.0,7999994.452757508,3.5220810936510696,0.07422056311608619,0.010960215334317392,7999994.452757508,3.5220810936510696,0.07422056311608619,0.010960215334317392
12.0,7999993.452959472,4.120168520279872,0.08839100540034206,0.014202955052394767,7999993.452959472,4.120168520279872,0.08839100540034206,0.014202955052394767
13.0,7999992.325723828,4.791898281503163,0.10416709981848563,0.018043536141048606,7999992.325723828,4.791898281503163,0.10416709981848563,0.018043536141048606
14.0,7999991.055290108,5.546572245346228,0.12173960093990252,0.022549843418117523,7999991.055290108,5.546572245346228,0.12173960093990252,0.022549843418117523
15.0,7999989.623942311,6.394597088304943,0.14132904586775608,0.027797972921422057,7999989.623942311,6.394597088304943,0.14132904586775608,0.027797972921422057
16.0,7999988.01176999,7.347629390614368,0.16318767860143343,0.033873458897014534,7999988.01176999,7.347629390614368,0.16318767860143343,0.033873458897014534
17.0,7999986.196399486,8.418736704416832,0.1876020223149473,0.04087259058806743,7999986.196399486,8.418736704416832,0.1876020223149473,0.04087259058806743
18.0,7999984.152691645,9.622576965494257,0.21489608838788274,0.04890384445628435,7999984.152691645,9.622576965494257,0.21489608838788274,0.04890384445628435
19.0,7999981.85240206,10.975598825578732,0.24543522930916875,0.05808945738887717,7999981.85240206,10.975598825578732,0.24543522930916875,0.05808945738887717
20.0,7999979.263799194,12.496265732144701,0.2796306589058819,0.06856716705583456,7999979.263799194,12.496265732144701,0.2796306589058819,0.06856716705583456
21.0,7999976.351235307,14.205306877522384,0.3179446783835166,0.08049214681964337,7999976.351235307,14.205306877522384,0.3179446783835166,0.08049214681964337
22.0,7999973.07466442,16.125998481660293,0.3608966609453677,0.09403916442193748,7999973.07466442,16.125998481660293,0.3608966609453677,0.09403916442193748
23.0,7999969.38910073,18.284479266360474,0.4090698617489182,0.10940499605795873,7999969.38910073,18.284479266360474,0.4090698617489182,0.10940499605795873
24.0,7999965.244010274,20.710104427697537,0.4631191340574142,0.12681113039664427,7999965.244010274,20.710104427697537,0.4631191340574142,0.12681113039664427
25.0,7999960.582627553,23.435842922930487,0.5237796470126819,0.1465068006231694,7999960.582627553,23.435842922930487,0.5237796470126819,0.1465068006231694
26.0,7999955.341187984,26.498723464809814,0.5918767158189013,0.16877238669710914,7999955.341187984,26.498723464809814,0.5918767158189013,0.16877238669710914
27.0,7999949.448065716,29.940335267069933,0.668336871597571,0.19392323477104104,7999949.448065716,29.940335267069933,0.668336871597571,0.19392323477104104
28.0,7999942.822805271,33.80739031846447,0.7542003160550445,0.2223139461516458,7999942.822805271,33.80739031846447,0.7542003160550445,0.2223139461516458
29.0,7999935.375033847,38.152354788511445,0.850634925701146,0.25434319437060426,7999935.375033847,38.152354788511445,0.850634925701146,0.25434319437060426
30.0,7999927.003239705,43.034158097013574,0.958951991985149,0.2904591359406175,7999927.003239705,43.034158097013574,0.958951991985149,0.2904591359406175
31.0,7999917.593400043,48.51898922366919,1.080623907704824,0.3311654882903769,7999917.593400043,48.51898922366919,1.080623907704824,0.3311654882903769
32.0,7999907.017439932,54.68119100751704,1.2173040367494796,0.37702835730263007,7999907.017439932,54.68119100751704,1.2173040367494796,0.37702835730263007
33.0,7999895.131501464,61.60426450412726,1.3708490340425648,0.42868390693769537,7999895.131501464,61.60426450412726,1.3708490340425648,0.42868390693769537
34.0,7999881.773999795,69.38199694885161,1.54334391587323,0.48684697474299854,7999881.773999795,69.38199694885161,1.54334391587323,0.48684697474299854
35.0,7999866.76343985,78.11972853672027,1.7371302181116315,0.5523207497771387,7999866.76343985,78.11972853672027,1.7371302181116315,0.5523207497771387
36.0,7999849.895964193,87.93577509575404,1.9548376216018595,0.6260076437838168,7999849.895964193,87.93577509575404,1.9548376216018595,0.6260076437838168
37.0,7999830.942599139,98.96302582525394,2.199419470888163,0.708921502527416,7999830.942599139,98.96302582525394,2.199419470888163,0.708921502527416
38.0,7999809.646161817,111.3507376217127,2.4741926649888284,0.8022013222628938,7999809.646161817,111.3507376217127,2.4741926649888284,0.8022013222628938
39.0,7999785.717786645,125.26655015335746,2.7828824578952376,0.9071266565994359,7999785.717786645,125.26655015335746,2.7828824578952376,0.9071266565994359
40.0,7999758.833024327,140.898748804666,3.129672772632132,1.0251349218015406,7999758.833024327,140.898748804666,3.129672772632132,1.0251349218015406
41.0,7999728.62746091,158.458805933294,3.519262706953056,1.1578408341576882,7999728.62746091,158.458805933294,3.519262706953056,1.1578408341576882
42.0,7999694.691797897,178.18423460706313,3.956929992051467,1.3070582417778223,7999694.691797897,178.18423460706313,3.956929992051467,1.3070582417778223
43.0,7999656.566327236,200.34179316643485,4.448602259149641,1.4748246454406184,7999656.566327236,200.34179316643485,4.448602259149641,1.4748246454406184
44.0,7999613.734726872,225.23108364226772,5.000937073722085,1.6634287393308664,7999613.734726872,225.23108364226772,5.000937073722085,1.6634287393308664
45.0,7999565.617093541,253.18859230993155,5.621411814802737,1.8754413431695247,7999565.617093541,253.18859230993155,5.621411814802737,1.8754413431695247
46.0,7999511.562119138,284.5922265461626,6.318424608863852,2.1137501428858747,7999511.562119138,284.5922265461626,6.318424608863852,2.1137501428858747
47.0,7999450.838305797,319.86640874914406,7.101407675870436,2.381598708220134,7999450.838305797,319.86640874914406,7.101407675870436,2.381598708220134
48.0,7999382.624101751,359.4877954682452,7.980954611241042,2.682630313156123,7999382.624101751,359.4877954682452,7.980954611241042,2.682630313156123
49.0,7999305.996825932,403.9916981598468,8.968963313742753,3.020937149629557,7999305.996825932,403.9916981598468,8.968963313742753,3.020937149629557
50.0,7999219.920233107,453.9792912418878,10.078796478224994,3.4011155973912692,7999219.920233107,453.9792912418878,10.078796478224994,3.4011155973912692
51.0,7999123.230553286,510.1257034751767,11.325461806238861,3.828328294181589,7999123.230553286,510.1257034751767,11.325461806238861,3.828328294181589
52.0,7999014.620819112,573.189100278837,12.725814349987818,4.308373841560477,7999014.620819112,573.189100278837,12.725814349987818,4.308373841560477
53.0,7998892.62327237,644.0208775277715,14.29878369904077,4.847765084032445,7998892.62327237,644.0208775277715,14.29878369904077,4.847765084032445
54.0,7998755.589615498,723.577101832445,16.065629048507496,5.453817013840863,7998755.589615498,723.577101832445,16.065629048507496,5.453817013840863
55.0,7998601.668845913,812.9313484304329,18.05022555603405,6.134745482473694,7998601.668845913,812.9313484304329,18.05022555603405,6.134745482473694
56.0,7998428.782379417,913.2891058046694,20.279385807568367,6.899778044185352,7998428.782379417,913.2891058046694,20.279385807568367,6.899778044185352
57.0,7998234.596133841,1026.0039361799184,22.783220673400212,7.759278418552231,7998234.596133841,1026.0039361799184,22.783220673400212,7.759278418552231
58.0,7998016.489205015,1152.5956033465757,25.595544352041724,8.72488624030807,7998016.489205015,1152.5956033465757,25.595544352041724,8.72488624030807
59.0,7997771.51872334,1294.7704040443557,28.75432897618719,9.809673967748417,7997771.51872334,1294.7704040443557,28.75432897618719,9.809673967748417
60.0,7997496.380430797,1454.443966646163,32.30221479897018,11.028323048405436,7997496.380430797,1454.443966646163,32.30221479897018,11.028323048405436
61.0,7997187.364464145,1633.766811365174,36.287082697343536,12.397321695308614,7997187.364464145,1633.766811365174,36.287082697343536,12.397321695308614
62.0,7996840.305770072,1835.152999925216,40.762696530614285,13.935186912104953,7996840.305770072,1835.152999925216,40.762696530614285,13.935186912104953
63.0,7996450.528511632,2061.3122398500586,45.78942378461051,15.662713724083957,7996450.528511632,2061.3122398500586,45.78942378461051,15.662713724083957
64.0,7996012.783751641,2315.285849503204,51.43504392494402,17.603254928570248,7996012.783751641,2315.285849503204,51.43504392494402,17.603254928570248
65.0,7995521.179617549,2600.4870349975,57.77565498631344,19.783035076424405,7995521.179617549,2600.4870349975,57.77565498631344,19.783035076424405
66.0,7994969.103062646,2920.745979321501,64.89669014932099,22.231502841156715,7994969.103062646,2920.745979321501,64.89669014932099,22.231502841156715
67.0,7994349.132240181,3280.3602976858238,72.89405741291428,24.981726428467184,7994349.132240181,3280.3602976858238,72.89405741291428,24.981726428467184
68.0,7993652.938399225,3684.151471305321,81.87541697075791,28.07083723238709,7993652.938399225,3684.151471305321,81.87541697075791,28.07083723238709
69.0,7992871.1760934545,4137.5279346400175,91.96161255520472,31.540527560582643,7992871.1760934545,4137.5279346400175,91.96161255520472,31.540527560582643
70.0,7991993.360366425,4646.55555843119,103.28827483456917,35.437608937225846,7991993.360366425,4646.55555843119,103.28827483456917,35.437608937225846
71.0,7991007.729438749,5218.036342426669,116.00761694909812,39.81463825402454,7991007.729438749,5218.036342426669,116.00761694909812,39.81463825402454
72.0,7989901.091274414,5859.596206994934,130.29044445829183,44.73061988584193,7989901.091274414,5859.596206994934,130.29044445829183,44.73061988584193
73.0,7988658.6522454545,6579.782851072566,146.32840435518233,50.2517928244924,7988658.6522454545,6579.782851072566,146.32840435518233,50.2517928244924
74.0,7987263.825947327,7388.174723856875,164.33650038718145,56.452512920722974,7987263.825947327,7388.174723856875,164.33650038718145,56.452512920722974
75.0,7985698.020043291,8295.502237596911,184.55590470951768,63.416241468159654,7985698.020043291,8295.502237596911,184.55590470951768,63.416241468159654
76.0,7983940.398837008,9313.782426319834,207.257098881772,71.23665262215066,7983940.398837008,9313.782426319834,207.257098881772,71.23665262215066
77.0,7981967.619092294,10456.468327052797,232.7433803885807,80.0188735286897,7981967.619092294,10456.468327052797,232.7433803885807,80.0188735286897
78.0,7979753.536441874,11738.614421656483,261.3547741997568,89.88087255099056,7979753.536441874,11738.614421656483,261.3547741997568,89.88087255099056
79.0,7977268.87956019,13177.059522982634,293.4723923467303,100.95501262970198,7977268.87956019,13177.059522982634,293.4723923467303,100.95501262970198
80.0,7974480.889127268,14790.628511183613,329.5232880271964,113.38978860128691,7974480.889127268,14790.628511183613,329.5232880271964,113.38978860128691
81.0,7971352.918493145,16600.35431497878,369.98585428086534,127.35176922925751,7971352.918493145,16600.35431497878,369.98585428086534,127.35176922925751
82.0,7967843.992880416,18629.72147623788,415.3958206992213,143.02776677258768,7967843.992880416,18629.72147623788,415.3958206992213,143.02776677258768
83.0,7963908.323955622,20904.932518903574,466.35290479654634,160.62725911757937,7963908.323955622,20904.932518903574,466.35290479654634,160.62725911757937
84.0,7959494.776682466,23455.19814572987,523.5281773861511,180.38509181990472,7959494.776682466,23455.19814572987,523.5281773861511,180.38509181990472
85.0,7954546.285572522,26313.051984671944,587.672203323741,202.56448981985025,7954546.285572522,26313.051984671944,587.672203323741,202.56448981985025
86.0,7948999.217809995,29514.690171768176,659.6240199751016,227.4604110719,7948999.217809995,29514.690171768176,659.6240199751016,227.4604110719
87.0,7942782.68129324,33100.33545353585,740.3210153244436,255.4032768209835,7942782.68129324,33100.33545353585,740.3210153244436,255.4032768209835
88.0,7935817.776464159,37114.624676757885,830.8097652409333,286.7631156946674,7935817.776464159,37114.624676757885,830.8097652409333,286.7631156946674
89.0,7928016.791955739,41607.0174568041,932.257884412202,321.9541610725986,7928016.791955739,41607.0174568041,932.257884412202,321.9541610725986
90.0,7919282.345659005,46632.22241877693,1045.966937028812,361.4399432219064,7919282.345659005,46632.22241877693,1045.966937028812,361.4399432219064
91.0,7909506.474887874,52250.63562190882,1173.3864404764463,405.73891929461746,7909506.474887874,52250.63562190882,1173.3864404764463,405.73891929461746
92.0,7898569.682012347,58528.78353209818,1316.128976869987,455.4306852715869,7898569.682012347,58528.78353209818,1316.128976869987,455.4306852715869
93.0,7886339.9453575,65539.76011944003,1475.9864018206626,511.16281405593554,7886339.9453575,65539.76011944003,1475.9864018206626,511.16281405593554
94.0,7872671.709459079,73363.6442432769,1654.9471056858467,573.6583628545354,7872671.709459079,73363.6442432769,1654.9471056858467,573.6583628545354
95.0,7857404.874061893,82087.8793651947,1855.2142377672044,643.7240903533694,7857404.874061893,82087.8793651947,1855.2142377672044,643.7240903533694
96.0,7840363.807677186,91807.5927296356,2079.224746290276,722.2594195233355,7840363.807677186,91807.5927296356,2079.224746290276,722.2594195233355
97.0,7821356.419196026,102625.82542424655,2329.669014074446,810.266174625934,7821356.419196026,102625.82542424655,2329.669014074446,810.266174625934
98.0,7800173.330068463,114653.63816934777,2609.510778970094,908.8591104605289,7800173.330068463,114653.63816934777,2609.510778970094,908.8591104605289
99.0,7776587.199922027,128010.05034232265,2922.006916721786,1019.2772373374111,7776587.199922027,128010.05034232265,2922.006916721786,1019.2772373374111
100.0,7750352.270131485,142821.76176514215,3270.726529356479,1142.895925799159,7750352.270131485,142821.76176514215,3270.726529356479,1142.895925799159
101.0,7721204.202546103,159222.59844789404,3659.5686223321845,1281.239749776689,7721204.202546103,159222.59844789404,3659.5686223321845,1281.239749776689
102.0,7688860.303917754,177352.615237391,4092.777467138039,1435.9959946132149,7688860.303917754,177352.615237391,4092.777467138039,1435.9959946132149
103.0,7653020.239880547,197356.78083819317,4574.9545327456235,1609.02871614519,7653020.239880547,197356.78083819317,4574.9545327456235,1609.02871614519
104.0,7613367.354614145,219383.16489377187,5111.065631208658,1802.3931877543737,7613367.354614145,219383.16489377187,5111.065631208658,1802.3931877543737
105.0,7569570.722192159,243580.54398847028,5706.4416645841975,2018.3505130902397,7569570.722192159,243580.54398847028,5706.4416645841975,2018.3505130902397
106.0,7521288.061253547,270095.345138362,6366.771090862903,2259.3821123618854,7521288.061253547,270095.345138362,6366.771090862903,2259.3821123618854
107.0,7468169.643769087,299067.8534795293,7098.081959400881,2528.2037095091755,7468169.643769087,299067.8534795293,7098.081959400881,2528.2037095091755
108.0,7409863.318634716,330627.6275775482,7906.711121229266,2827.778356643001,7409863.318634716,330627.6275775482,7906.711121229266,2827.778356643001
109.0,7346020.748670958,364888.09330150124,8799.258023503835,3161.327932282348,7346020.748670958,364888.09330150124,8799.258023503835,3161.327932282348
110.0,7276304.9223916475,401940.3275835098,9782.520384921469,3532.3424437278413,7276304.9223916475,401940.3275835098,9782.520384921469,3532.3424437278413
111.0,7200398.947064363,441846.0981111958,10863.409062507835,3944.586355553916,7200398.947064363,441846.0981111958,10863.409062507835,3944.586355553916
112.0,7118016.055503557,484630.2944903771,12048.839608550754,4402.1010616576505,7118016.055503557,484630.2944903771,12048.839608550754,4402.1010616576505
113.0,7028910.665739054,530272.9693993274,13345.598432067995,4909.202525590275,7028910.665739054,530272.9693993274,13345.598432067995,4909.202525590275
114.0,6932890.222616917,578701.3011491843,14760.18217342834,5470.47304313246,6932890.222616917,578701.3011491843,14760.18217342834,5470.47304313246
115.0,6829827.429066516,629781.8854366113,16298.60991691211,6090.7460442949605,6829827.429066516,629781.8854366113,16298.60991691211,6090.7460442949605
116.0,6719672.35135865,683313.8543934225,17966.209230226465,6775.0828625985105,6719672.35135865,683313.8543934225,17966.209230226465,6775.0828625985105
117.0,6602463.76995665,739023.3929011635,19767.378730471843,7528.740471609661,6602463.76995665,739023.3929011635,19767.378730471843,7528.740471609661
118.0,6478339.061241708,796560.2611797082,21705.331891911304,8357.129335475622,6478339.061241708,796560.2611797082,21705.331891911304,8357.129335475622
119.0,6347541.852596827,855496.9242464511,23781.829042601672,9265.760752238357,6347541.852596827,855496.9242464511,23781.829042601672,9265.760752238357
120.0,6210426.710173668,915330.820528902,25996.906800852605,10260.183392005109,6210426.710173668,915330.820528902,25996.906800852605,10260.183392005109
121.0,6067460.2071704585,975490.1663559872,28348.616382216685,11345.909145795082,6067460.2071704585,975490.1663559872,28348.616382216685,11345.909145795082
122.0,5919217.885319463,1035343.4908832249,30832.784024946974,12528.328895522443,5919217.885319463,1035343.4908832249,30832.784024946974,12528.328895522443
123.0,5766376.858208789,1094212.837921678,33442.80797763434,13812.619371537303,5766376.858208789,1094212.837921678,33442.80797763434,13812.619371537303
124.0,5609704.095413813,1151390.2784612025,36169.50681873218,15203.642851586139,5609704.095413813,1151390.2784612025,36169.50681873218,15203.642851586139
125.0,5450040.7439757,1206157.0808028497,39001.03313406048,16705.842035018235,5450040.7439757,1206157.0808028497,39001.03313406048,16705.842035018235
126.0,5288283.153817846,1257804.6198386238,41922.86465256859,18323.132953202858,5288283.153817846,1257804.6198386238,41922.86465256859,18323.132953202858
127.0,5125361.539105796,1305655.908587474,44917.88183942234,20058.79920384076,5125361.539105796,1305655.908587474,44917.88183942234,20058.79920384076
128.0,4962217.394991671,1349086.5325595352,47966.536812939565,21915.39107850689,4962217.394991671,1349086.5325595352,47966.536812939565,21915.39107850689
129.0,4799780.875034688,1387543.77775838,51047.11356715752,23894.633253166812,4799780.875034688,1387543.77775838,51047.11356715752,23894.633253166812
130.0,4638949.309269284,1420562.8674759793,54136.07423450913,25997.344607847797,4638949.309269284,1420562.8674759793,54136.07423450913,25997.344607847797
131.0,4480567.912403238,1447779.4467714606,57208.48096886474,28223.373428453153,4480567.912403238,1447779.4467714606,57208.48096886474,28223.373428453153
132.0,4325413.516067298,1468937.7485342012,60238.47843234284,30571.5507338243,4325413.516067298,1468937.7485342012,60238.47843234284,30571.5507338243
133.0,4174181.8884823974,1483894.2049226968,63199.81824240147,33039.66379526284,4174181.8884823974,1483894.2049226968,63199.81824240147,33039.66379526284
134.0,4027478.9137717164,1492616.5944327528,66066.404387295,35624.4511191171,4027478.9137717164,1492616.5944327528,66066.404387295,35624.4511191171
135.0,3885815.6243465445,1495179.1037653335,68812.83771689041,38321.61930067679,3885815.6243465445,1495179.1037653335,68812.83771689041,38321.61930067679
136.0,3749606.8400222785,1491753.909740245,71414.93817783309,41125.88128822114,3749606.8400222785,1491753.909740245,71414.93817783309,41125.88128822114
137.0,3619172.9843287515,1482600.035679766,73850.22535887039,44031.014776067284,3619172.9843287515,1482600.035679766,73850.22535887039,44031.014776067284
138.0,3494744.5294893477,1468050.3062632647,76098.34089938668,47029.93872377678,3494744.5294893477,1468050.3062632647,76098.34089938668,47029.93872377678
139.0,3376468.4654424977,1448497.221721322,78141.40007136727,50114.80541278509,3376468.4654424977,1448497.221721322,78141.40007136727,50114.80541278509
140.0,3264416.1870111437,1424378.5099864367,79964.26401971541,53277.10502551397,3264416.1870111437,1424378.5099864367,79964.26401971541,53277.10502551397
141.0,3158592.234779507,1396163.0110932086,81554.72839520144,56507.779475368334,3158592.234779507,1396163.0110932086,81554.72839520144,56507.779475368334
142.0,3058943.395822174,1364337.4192849493,82903.62813802506,59797.34212579645,3058943.395822174,1364337.4192849493,82903.62813802506,59797.34212579645
143.0,2965367.757142226,1329394.2707790902,84004.8617322971,63136.00009889672,2965367.757142226,1329394.2707790902,84004.8617322971,63136.00009889672
144.0,2877723.39645954,1291821.4317227695,84855.341191909,66513.776067012,2877723.39645954,1291821.4317227695,84855.341191909,66513.776067012
145.0,2795836.4834278733,1252093.2206295086,85454.8762705161,69920.62671754572,2795836.4834278733,1252093.2206295086,85454.8762705161,69920.62671754572
146.0,2719508.6437833686,1210663.1980404295,85806.00289422121,73346.55545297962,2719508.6437833686,1210663.1980404295,85806.00289422121,73346.55545297962
147.0,2648523.506157249,1167958.5757131907,85913.766631117,76781.71730626657,2648523.506157249,1167958.5757131907,85913.766631117,76781.71730626657
148.0,2582652.405149927,1124376.1383188153,85785.4722128738,80216.5144901879,2582652.405149927,1124376.1383188153,85785.4722128738,80216.5144901879
149.0,2521659.255051549,1080279.5307639826,85430.40981055592,83641.6814352378,2521659.255051549,1080279.5307639826,85430.40981055592,83641.6814352378
150.0,2465304.637537569,1035997.7412019589,84859.5680517235,87048.35858575894,2465304.637537569,1035997.7412019589,84859.5680517235,87048.35858575894
151.0,2413349.165507925,991824.6004488603,84085.34276110899,90428.15460453466,2413349.165507925,991824.6004488603,84085.34276110899,90428.15460453466
152.0,2365556.1958943964,948019.1197389363,83121.24921774284,93773.19697237399,2365556.1958943964,948019.1197389363,83121.24921774284,93773.19697237399
153.0,2321693.9686052627,904806.4976124715,81981.6444396053,97076.17125587258,2321693.9686052627,904806.4976124715,81981.6444396053,97076.17125587258
154.0,2281537.2484974177,862379.6406900717,80681.46470935183,100330.34955137524,2281537.2484974177,862379.6406900717,80681.46470935183,100330.34955137524
155.0,2244868.54379778,820901.0600488754,79235.98230152266,103529.60879680331,2244868.54379778,820901.0600488754,79235.98230152266,103529.60879680331
156.0,2211478.9688996575,780505.0232304023,77660.58420705351,106668.43977814849,2211478.9688996575,780505.0232304023,77660.58420705351,106668.43977814849
157.0,2181168.812834743,741299.8603432196,75970.57460445724,109741.94774823308,2181168.812834743,741299.8603432196,75970.57460445724,109741.94774823308
158.0,2153747.8676347444,703370.3404051252,74181.0019158829,112745.84562690859,2153747.8676347444,703370.3404051252,74181.0019158829,112745.84562690859
159.0,2129035.563719265,666780.0504274849,72306.5105172885,115676.44076977379,2129035.563719265,666780.0504274849,72306.5105172885,115676.44076977379
160.0,2106860.9526928556,631573.7244444324,70361.21654413268,118530.61628244421,2106860.9526928556,631573.7244444324,70361.21654413268,118530.61628244421
161.0,2087062.571696767,597779.4825779933,68358.60674038678,121305.80782490881,2087062.571696767,597779.4825779933,68358.60674038678,121305.80782490881
162.0,2069488.2178423407,565410.9512842123,66311.45892837331,123999.9768007447,2069488.2178423407,565410.9512842123,66311.45892837331,123999.9768007447
163.0,2053994.6562911535,534469.2452130085,64231.78241657584,126611.58076359097,2053994.6562911535,534469.2452130085,64231.78241657584,126611.58076359097
164.0,2040447.2812361605,504944.7987619961,62130.776497552906,129139.54180242738,2040447.2812361605,504944.7987619961,62130.776497552906,129139.54180242738
165.0,2028719.7453437871,476819.0415717128,60018.80510361314,131583.21359138165,2028719.7453437871,476819.0415717128,60018.80510361314,131583.21359138165
166.0,2018693.570088669,450065.91707165155,57905.38566961596,133942.347711938,2018693.570088669,450065.91707165155,57905.38566961596,133942.347711938
167.0,2010257.7467915425,424653.24692050694,55799.19028675305,136217.05977791868,2010257.7467915425,424653.24692050694,55799.19028675305,136217.05977791868
168.0,2003308.3359955084,400543.94696092745,53708.057306313305,138407.79581832502,2003308.3359955084,400543.94696092745,53708.057306313305,138407.79581832502
169.0,1997748.0710267215,377697.1022875125,51639.01165752371,140515.29930147383,1997748.0710267215,377697.1022875125,51639.01165752371,140515.29930147383
170.0,1993485.9701264596,356068.9103503163,49598.29226936935,142540.57911684708,1993485.9701264596,356068.9103503163,49598.29226936935,142540.57911684708
171.0,1990436.9603616316,335613.5018116385,47591.385125053304,144484.87876937035,1990436.9603616316,335613.5018116385,47591.385125053304,144484.87876937035
172.0,1988521.5155747575,316283.649251555,45623.060623069265,146349.6469848299,1988521.5155747575,316283.649251555,45623.060623069265,146349.6469848299
173.0,1987665.3098826788,298031.37387155194,43697.41406559184,148136.50987498937,1987665.3098826788,298031.37387155194,43697.41406559184,148136.50987498937
174.0,1987798.8876416818,280808.4601548564,41817.90823903681,149847.24476664574,1987798.8876416818,280808.4601548564,41817.90823903681,149847.24476664574
175.0,1988857.3503361922,264566.8880722498,39987.41719018,151483.75576021083,1988857.3503361922,264566.8880722498,39987.41719018,151483.75576021083
176.0,1990780.0604942725,249259.19192687143,38208.27043197232,153048.05105014023,1990780.0604942725,249259.19192687143,38208.27043197232,153048.05105014023
177.0,1993510.3624653248,234838.75435399177,36482.296934669306,154542.22201132454,1993510.3624653248,234838.75435399177,36482.296934669306,154542.22201132454
178.0,1996995.3196965684,221260.04336619348,34810.86836921791,155968.42403200583,1996995.3196965684,221260.04336619348,34810.86836921791,155968.42403200583
179.0,2001185.4680011368,208478.79968753626,33194.94117057712,157328.85905448196,2001185.4680011368,208478.79968753626,33194.94117057712,157328.85905448196
180.0,2006034.5842104172,196452.18097247154,31635.09707873988,158625.75976937416,2006034.5842104172,196452.18097247154,31635.09707873988,158625.75976937416
181.0,2011499.4695372127,185138.8688716924,30131.581894886094,159861.3753971498,2011499.4695372127,185138.8688716924,30131.581894886094,159861.3753971498
182.0,2017539.7469368677,174499.144298654,28684.34225976606,161037.95898149002,2017539.7469368677,174499.144298654,28684.34225976606,161037.95898149002
183.0,2024117.671734528,164494.93567470915,27293.060321662673,162157.75611259518,2024117.671734528,164494.93567470915,27293.060321662673,162157.75611259518
184.0,2031197.9547833055,155089.8443924429,25957.18621278236,163222.9949942556,2031197.9547833055,155089.8443924429,25957.18621278236,163222.9949942556
185.0,2038747.5974263747,146249.15123854257,24675.9682964092,164235.8777661508,2038747.5974263747,146249.15123854257,24675.9682964092,164235.8777661508
186.0,2046735.737552864,137939.80706043125,23448.481183373577,165198.57299207005,2046735.737552864,137939.80706043125,23448.481183373577,165198.57299207005
187.0,2055133.506060323,130130.41054474033,22273.651546088615,166113.2092252935,2055133.506060323,130130.41054474033,22273.651546088615,166113.2092252935
188.0,2063913.8930636882,122791.17559939923,21150.281782326376,166981.86956399374,2063913.8930636882,122791.17559939923,21150.281782326376,166981.86956399374
189.0,2073051.6232205057,115893.8904929492,20077.071599738687,167806.58711198976,2073051.6232205057,115893.8904929492,20077.071599738687,167806.58711198976
190.0,2082523.0395735707,109411.87060248613,19052.637606533,168589.34126332364,2082523.0395735707,109411.87060248613,19052.637606533,168589.34126332364
191.0,2092305.9953442256,103319.9063529759,18075.531004297558,169332.0547327661,2092305.9953442256,103319.9063529759,18075.531004297558,169332.0547327661
192.0,2102379.753141673,97594.20769300897,17144.253486293517,170036.59125835224,2102379.753141673,97594.20769300897,17144.253486293517,170036.59125835224
193.0,2112724.89108531,92212.34624276927,16257.271449094498,170704.75390627809,2112724.89108531,92212.34624276927,16257.271449094498,170704.75390627809
194.0,2123323.2153678937,87153.19606651115,15413.028627714346,171338.28391285613,2123323.2153678937,87153.19606651115,15413.028627714346,171338.28391285613
195.0,2134157.678817143,82396.87386169005,14609.957264720937,171938.86000264768,2134157.678817143,82396.87386169005,14609.957264720937,171938.86000264768
196.0,2145212.305041879,77924.67921770483,13846.487922645618,172508.09812628778,2145212.305041879,77924.67921770483,13846.487922645618,172508.09812628778
197.0,2156472.117775985,73719.03547676196,13121.058046573185,173047.5515658498,2156472.117775985,73719.03547676196,13121.058046573185,173047.5515658498
198.0,2167923.0750593,69763.4316255954,12432.119380407248,173558.71135980813,2167923.0750593,69763.4316255954,12432.119380407248,173558.71135980813
199.0,2179552.007918834,66042.36555776502,11778.144336181478,174043.0070037142,2179552.007918834,66042.36555776502,11778.144336181478,174043.0070037142
200.0,2191346.563236743,62541.288970271664,11157.631411126458,174501.8073865907,2191346.563236743,62541.288970271664,11157.631411126458,174501.8073865907
201.0,2203295.1505130036,59246.554093685016,10569.109742172392,174936.42192673724,2203295.1505130036,59246.554093685016,10569.109742172392,174936.42192673724
202.0,2215386.892250956,56145.36240045275,10011.142882308912,175348.1018741238,2215386.892250956,56145.36240045275,10011.142882308912,175348.1018741238
203.0,2227611.577712857,53225.7153902671,9482.331877851437,175738.04174982008,2227611.577712857,53225.7153902671,9482.331877851437,175738.04174982008
204.0,2239959.619810197,50476.36751315848,8981.317720273006,176107.3808959665,2239959.619810197,50476.36751315848,8981.317720273006,176107.3808959665
205.0,2252422.014910082,47886.78125935065,8506.783240928253,176457.20511263065,2252422.014910082,47886.78125935065,8506.783240928253,176457.20511263065
206.0,2264990.3053544066,45447.08441893843,8057.454511782598,176788.54836052656,2264990.3053544066,45447.08441893843,8057.454511782598,176788.54836052656
207.0,2277656.544502811,43148.02949334831,7632.101810211801,177102.39451099443,2277656.544502811,43148.02949334831,7632.101810211801,177102.39451099443
208.0,2290413.2641238337,40980.95522360466,7229.540201089835,177399.67912686826,2290413.2641238337,40980.95522360466,7229.540201089835,177399.67912686826
209.0,2303253.443971049,38937.75018704205,6848.629784763183,177681.29125989552,2303253.443971049,38937.75018704205,6848.629784763183,177681.29125989552
210.0,2316170.4833925483,37010.81840373528,6488.275655133001,177948.07525222737,2316170.4833925483,37010.81840373528,6488.275655133001,177948.07525222737
211.0,2329158.1748328893,35193.046886098775,6147.427607945092,178200.83253118748,2329158.1748328893,35193.046886098775,6147.427607945092,178200.83253118748
212.0,2342210.679096543,33477.77505942787,5825.079635525603,178440.32338805357,2342210.679096543,33477.77505942787,5825.079635525603,178440.32338805357
213.0,2355322.5022512246,31858.765977264637,5520.269240598313,178667.2687329637,2355322.5022512246,31858.765977264637,5520.269240598313,178667.2687329637
214.0,2368488.4740580535,30330.179253069073,5232.076598474094,178882.35181929774,2368488.4740580535,30330.179253069073,5232.076598474094,178882.35181929774
215.0,2381703.727823495,28886.54562849838,4959.62359380889,179086.21993199424,2381703.727823495,28886.54562849838,4959.62359380889,179086.21993199424
216.0,2394963.6815754785,27522.74309842234,4702.072755274722,179279.48603525443,2394963.6815754785,27522.74309842234,4702.072755274722,179279.48603525443
217.0,2408264.0204729475,26233.974513437737,4458.626108869181,179462.7303759673,2408264.0204729475,26233.974513437737,4458.626108869181,179462.7303759673
218.0,2421600.680364523,25015.74658192823,4228.523968191553,179636.5020399674,2421600.680364523,25015.74658192823,4228.523968191553,179636.5020399674
219.0,2434969.832417927,23863.850195508945,4011.0436778261937,179801.3204589316,2434969.832417927,23863.850195508945,4011.0436778261937,179801.3204589316
220.0,2448367.8687472516,22774.342003881804,3805.498323984005,179957.6768663208,2448367.8687472516,22774.342003881804,3805.498323984005,179957.6768663208
221.0,2461791.388970357,21743.527167608656,3611.235424748316,180106.03570130863,2461791.388970357,21743.527167608656,3611.235424748316,180106.03570130863
222.0,2475237.187633414,20767.943220004374,3427.635610639506,180246.83596009674,2475237.187633414,20767.943220004374,3427.635610639506,180246.83596009674
223.0,2488702.2424439704,19844.34497219103,3254.111304741464,180380.49249441375,2488702.2424439704,19844.34497219103,3254.111304741464,180380.49249441375
224.0,2502183.703258108,18969.69039828232,3090.1054103101783,180507.39725734395,2502183.703258108,18969.69039828232,3090.1054103101783,180507.39725734395
225.0,2515678.881770967,18141.127440636723,2935.090012599092,180627.92049691835,2515678.881770967,18141.127440636723,2935.090012599092,180627.92049691835
226.0,2529185.241863524,17355.98167809198,2788.5651005761315,180742.41189815427,2529185.241863524,17355.98167809198,2788.5651005761315,180742.41189815427
227.0,2542700.390561709,16611.744803040787,2650.0573132631857,180851.2016744329,2542700.390561709,16611.744803040787,2650.0573132631857,180851.2016744329
228.0,2556222.069567085,15906.06385610508,2519.118714590192,180954.6016092813,2556222.069567085,15906.06385610508,2519.118714590192,180954.6016092813
229.0,2569748.147321058,15236.731169994007,2395.3255999136404,181052.90604976137,2569748.147321058,15236.731169994007,2395.3255999136404,181052.90604976137
230.0,2583276.6115672695,14601.674976874805,2278.2773366943943,181146.39285278576,2583276.6115672695,14601.674976874805,2278.2773366943943,181146.39285278576
231.0,2596805.562379205,13998.950636235371,2167.5952412541596,181235.32428576515,2596805.562379205,13998.950636235371,2167.5952412541596,181235.32428576515
232.0,2610333.2056223988,13426.732442764463,2062.921493026078,181319.94788306035,2610333.2056223988,13426.732442764463,2062.921493026078,181319.94788306035
233.0,2623857.8468226227,12883.305976215048,1963.918087275658,181400.49725975888,2623857.8468226227,12883.305976215048,1963.918087275658,181400.49725975888
234.0,2637377.8854135163,12367.06095754584,1870.2658268874586,181477.19288432854,2637377.8854135163,12367.06095754584,1870.2658268874586,181477.19288432854
235.0,2650891.809338815,11876.484577853123,1781.6633534840662,181550.24281171558,2650891.809338815,11876.484577853123,1781.6633534840662,181550.24281171558
236.0,2664398.189986102,11410.155268710616,1697.8262178620835,181619.84337846303,2664398.189986102,11410.155268710616,1697.8262178620835,181619.84337846303
237.0,2677895.677430587,10966.736884530514,1618.4859894896485,181686.17986141652,2677895.677430587,10966.736884530514,1618.4859894896485,181686.17986141652
238.0,2691382.995968784,10544.973269444896,1543.389404607069,181749.4271015713,2691382.995968784,10544.973269444896,1543.389404607069,181749.4271015713
239.0,2704858.939923455,10143.683182987857,1472.2975523022358,181809.7500945941,2704858.939923455,10143.683182987857,1472.2975523022358,181809.7500945941
240.0,2718322.3697022945,9761.75556053703,1404.9850977918857,181867.3045495222,2718322.3697022945,9761.75556053703,1404.9850977918857,181867.3045495222
241.0,2731772.208094167,9398.145086052566,1341.2395420249507,181922.23741711312,2731772.208094167,9398.145086052566,1341.2395420249507,181922.23741711312
242.0,2745207.4367876546,9051.868056136567,1280.8605166322643,181974.68738927675,2745207.4367876546,9051.868056136567,1280.8605166322643,181974.68738927675
243.0,2758627.0930977794,8721.998515829939,1223.6591131747718,182024.7853709852,2758627.0930977794,8721.998515829939,1223.6591131747718,182024.7853709852
244.0,2772030.2668876806,8407.664647870952,1169.457245587824,182072.65492600884,2772030.2668876806,8407.664647870952,1169.457245587824,182072.65492600884
245.0,2785416.0976729263,8108.0453983651605,1118.0870446796857,182118.4126977858,2785416.0976729263,8108.0453983651605,1118.0870446796857,182118.4126977858
246.0,2798783.771896902,7822.367322963474,1069.3902835161343,182162.16880668304,2798783.771896902,7822.367322963474,1069.3902835161343,182162.16880668304
247.0,2812132.5203665663,7549.901638718302,1023.2178325081592,182204.0272248621,2812132.5203665663,7549.901638718302,1023.2178325081592,182204.0272248621
248.0,2825461.615838489,7289.961467791423,979.4291430145869,182244.08612991284,2825461.615838489,7289.961467791423,979.4291430145869,182244.08612991284
249.0,2838770.3707458344,7041.899260124706,937.8917582746463,182282.438238374,2838770.3707458344,7041.899260124706,937.8917582746463,182282.438238374
250.0,2852058.1350574675,6805.104383060772,898.4808504956626,182319.1711202096,2852058.1350574675,6805.104383060772,898.4808504956626,182319.1711202096
251.0,2865324.2942610374,6579.000866717988,861.0787829371689,182354.3674952645,2865324.2942610374,6579.000866717988,861.0787829371689,182354.3674952645
252.0,2878568.2674623467,6363.04529468701,825.5746958537056,182388.10551267723,2878568.2674623467,6363.04529468701,825.5746958537056,182388.10551267723
253.0,2891789.5055938624,6156.724830327652,791.8641151836038,182420.4590141826,2891789.5055938624,6156.724830327652,791.8641151836038,182420.4590141826
254.0,2904987.4897256773,5959.555369608048,759.8485828992883,182451.49778218952,2904987.4897256773,5959.555369608048,759.8485828992883,182451.49778218952
255.0,2918161.729472616,5771.079812046581,729.4353079654803,182481.28777348524,2918161.729472616,5771.079812046581,729.4353079654803,182481.28777348524
256.0,2931311.761491705,5590.866441893104,700.5368368844638,182509.89133936487,2931311.761491705,5590.866441893104,700.5368368844638,182509.89133936487
257.0,2944437.148064434,5418.50741222305,673.0707428418563,182537.36743295207,2944437.148064434,5418.50741222305,673.0707428418563,182537.36743295207
258.0,2957537.475758735,5253.617325117823,646.9593325015971,182563.77180443713,2957537.475758735,5253.617325117823,646.9593325015971,182563.77180443713
259.0,2970612.3541658656,5095.831901570842,622.1293695347816,182589.1571849183,2970612.3541658656,5095.831901570842,622.1293695347816,182589.1571849183
260.0,2983661.414707672,4944.806735192113,598.5118140031794,182613.57345950062,2983661.414707672,4944.806735192113,598.5118140031794,182613.57345950062
261.0,2996684.3095100545,4800.216124188075,576.0415767545162,182637.06783026643,2996684.3095100545,4800.216124188075,576.0415767545162,182637.06783026643
262.0,3009680.7103386545,4661.751976469397,554.6572880226053,182659.68496970626,3009680.7103386545,4661.751976469397,554.6572880226053,182659.68496970626
263.0,3022650.3075930853,4529.12278308935,534.3010794610342,182681.4671651588,3022650.3075930853,4529.12278308935,534.3010794610342,182681.4671651588
264.0,3035592.80935624,4402.05265554114,514.9183788741091,182702.45445478518,3035592.80935624,4402.05265554114,514.9183788741091,182702.45445478518
265.0,3048507.9404954193,4280.280422745858,496.4577169430807,182722.68475557186,3048507.9404954193,4280.280422745858,496.4577169430807,182722.68475557186
266.0,3061395.4418122233,4163.558783844966,478.87054527912187,182742.1939838262,3061395.4418122233,4163.558783844966,478.87054527912187,182742.1939838262
267.0,3074255.0692383903,4051.6535131739347,462.11106516709117,182761.01616860786,3074255.0692383903,4051.6535131739347,462.11106516709117,182761.01616860786
268.0,3087086.5930748493,3944.3427140382983,446.13606639566933,182779.18355850995,3087086.5930748493,3944.3427140382983,446.13606639566933,182779.18355850995
269.0,3099889.797271511,3841.4161181409345,430.90477559997913,182796.72672218288,3099889.797271511,3841.4161181409345,430.90477559997913,182796.72672218288
270.0,3112664.4787454177,3742.6744277213875,416.37871357224566,182813.67464296953,3112664.4787454177,3742.6744277213875,416.37871357224566,182813.67464296953
271.0,3125410.4467350524,3647.9286976653266,402.5215610243951,182830.05480800176,3125410.4467350524,3647.9286976653266,402.5215610243951,182830.05480800176
272.0,3138127.5221886984,3556.9997550258327,389.29903231372845,182845.8932920855,3138127.5221886984,3556.9997550258327,389.29903231372845,182845.8932920855
273.0,3150815.537184953,3469.7176535692934,376.6787566689176,182861.21483668353,3150815.537184953,3469.7176535692934,376.6787566689176,182861.21483668353
274.0,3163474.3343834723,3385.9211611178753,364.63016647858234,182876.04292428863,3163474.3343834723,3385.9211611178753,364.63016647858234,182876.04292428863
275.0,3176103.7665043245,3305.4572776088226,353.1243922286035,182890.39984845987,3176103.7665043245,3305.4572776088226,353.1243922286035,182890.39984845987
276.0,3188703.6958342497,3228.1807819289324,342.13416369715407,182904.3067797808,3188703.6958342497,3228.1807819289324,342.13416369715407,182904.3067797808
277.0,3201273.993758344,3153.9538057111604,331.63371703818,182917.78382798357,3201273.993758344,3153.9538057111604,331.63371703818,182917.78382798357
278.0,3213814.5403157384,3082.645432400156,321.5987074047878,182930.8501004648,3213814.5403157384,3082.645432400156,321.5987074047878,182930.8501004648
279.0,3226325.223777896,3014.131320005088,312.0061267836973,182943.52375741207,3226325.223777896,3014.131320005088,312.0061267836973,182943.52375741207
280.0,3238805.940248295,2948.2933460621935,302.83422673065,182955.82206373953,3238805.940248295,2948.2933460621935,302.83422673065,182955.82206373953
281.0,3251256.593282294,2885.019273426319,294.06244571444006,182967.7614380258,3251256.593282294,2885.019273426319,294.06244571444006,182967.7614380258
282.0,3263677.0935260314,2824.2024356011398,285.67134079409885,182979.35749863117,3263677.0935260314,2824.2024356011398,285.67134079409885,182979.35749863117
283.0,3276067.35837336,2765.741440401841,277.64252336975136,182990.6251071632,3276067.35837336,2765.741440401841,277.64252336975136,182990.6251071632
284.0,3288427.311639759,2709.539890822623,269.95859876278695,183001.57840944864,3288427.311639759,2709.539890822623,269.95859876278695,183001.57840944864
285.0,3300756.8832523385,2655.5061220545394,262.60310939532263,183012.23087415975,3300756.8832523385,2655.5061220545394,262.60310939532263,183012.23087415975
286.0,3313056.0089550144,2603.5529536674358,255.5604813524755,183022.59532923545,3313056.0089550144,2603.5529536674358,255.5604813524755,183022.59532923545
287.0,3325324.6300280583,2553.597456033445,248.8159741237634,183032.68399622815,3325324.6300280583,2553.597456033445,248.8159741237634,183032.68399622815
288.0,3337562.693021217,2505.5607301288546,242.3556333320482,183042.50852269947,3337562.693021217,2505.5607301288546,242.3556333320482,183042.50852269947
289.0,3349770.1494996543,2459.367699906621,236.16624626984793,183052.0800127813,3349770.1494996543,2459.367699906621,236.16624626984793,183052.0800127813
290.0,3361946.9558020495,2414.9469164834745,230.23530007361913,183061.4090560108,3361946.9558020495,2414.9469164834745,230.23530007361913,183061.4090560108
291.0,3374093.0728101665,2372.23037343388,224.5509423767671,183070.50575454082,3374093.0728101665,2372.23037343388,224.5509423767671,183070.50575454082
292.0,3386208.4657292906,2331.153332528139,219.10194429171926,183079.3797488244,3386208.4657292906,2331.153332528139,219.10194429171926,183079.3797488244
293.0,3398293.1038789293,2291.6541592940507,213.87766558042148,183088.04024186038,3398293.1038789293,2291.6541592940507,213.87766558042148,183088.04024186038
294.0,3410346.9604932508,2253.6741678207914,208.868021881117,183096.49602208787,3410346.9604932508,2253.6741678207914,208.868021881117,183096.49602208787
295.0,3422370.0125307185,2217.15747426044,204.06345386727074,183104.75548500792,3422370.0125307185,2217.15747426044,204.06345386727074,183104.75548500792
296.0,3434362.2404924347,2182.0508585168463,199.4548982220379,183112.82665360748,3434362.2404924347,2182.0508585168463,199.4548982220379,183112.82665360748
297.0,3446323.628248713,2148.3036336435953,195.0337603187627,183120.7171976565,3446323.628248713,2148.3036336435953,195.0337603187627,183120.7171976565
298.0,3458254.1628734777,2115.8675225028014,190.79188850466298,183128.43445194396,3458254.1628734777,2115.8675225028014,190.79188850466298,183128.43445194396
299.0,3470153.834486027,2084.6965412644504,186.7215498911295,183135.98543351537,3470153.834486027,2084.6965412644504,186.7215498911295,183135.98543351537
300.0,3482022.636099795,2054.746889352227,182.81540755996355,183143.3768579702,3482022.636099795,2054.746889352227,182.81540755996355,183143.3768579702
301.0,3493860.5634777397,2025.9768454662562,179.06649910042103,183150.61515487367,3493860.5634777397,2025.9768454662562,179.06649910042103,183150.61515487367
302.0,3505667.6149939783,1998.3466693361077,175.4682163971405,183157.7064823351,3505667.6149939783,1998.3466693361077,175.4682163971405,183157.7064823351
303.0,3517443.791501371,1971.8185088788423,172.01428659392695,183164.65674080123,3517443.791501371,1971.8185088788423,172.01428659392695,183164.65674080123
304.0,3529189.09620471,1946.3563124570096,168.6987541629611,183171.47158610975,3529189.09620471,1946.3563124570096,168.6987541629611,183171.47158610975
305.0,3540903.534539229,1921.9257459502346,165.5159640133258,183178.15644184683,3540903.534539229,1921.9257459502346,165.5159640133258,183178.15644184683
306.0,3552587.1140541346,1898.4941143716837,162.460545576792,183184.71651104817,3552587.1140541346,1898.4941143716837,162.460545576792,183184.71651104817
307.0,3564239.8443009057,1876.0302877771542,159.52739781262267,183191.15678728116,3564239.8443009057,1876.0302877771542,159.52739781262267,183191.15678728116
308.0,3575861.7367260926,1854.5046312300024,156.71167507672277,183197.48206514568,3575861.7367260926,1854.5046312300024,156.71167507672277,183197.48206514568
309.0,3587452.8045683824,1833.8889385995906,154.00877380382352,183203.69695022522,3587452.8045683824,1833.8889385995906,154.00877380382352,183203.69695022522
310.0,3599013.0627596853,1814.1563699845028,151.4143199545431,183209.8058685192,3599013.0627596853,1814.1563699845028,151.4143199545431,183209.8058685192
311.0,3610542.527830039,1795.2813925645237,148.9241571821179,183215.81307539018,3610542.527830039,1795.2813925645237,148.9241571821179,183215.81307539018
312.0,3622041.217816111,1777.2397246972805,146.5343356763804,183221.72266404875,3622041.217816111,1777.2397246972805,146.5343356763804,183221.72266404875
313.0,3633509.152173111,1760.0082830866936,144.2411016451628,183227.5385736067,3633509.152173111,1760.0082830866936,144.2411016451628,183227.5385736067
314.0,3644946.3516899077,1743.565132860855,142.0408873957505,183233.26459671964,3644946.3516899077,1743.565132860855,142.0408873957505,183233.26459671964
315.0,3656352.8384071873,1727.8894404068506,139.9303019813056,183238.90438684582,3656352.8384071873,1727.8894404068506,139.9303019813056,183238.90438684582
316.0,3667728.635538467,1712.9614288193175,137.9061223793325,183244.46146513967,3667728.635538467,1712.9614288193175,137.9061223793325,183244.46146513967
317.0,3679073.7673938232,1698.7623358282021,135.96528517127953,183249.9392270042,3679073.7673938232,1698.7623358282021,135.96528517127953,183249.9392270042
318.0,3690388.2593061402,1685.2743740794403,134.10487869426666,183255.34094831857,3690388.2593061402,1685.2743740794403,134.10487869426666,183255.34094831857
319.0,3701672.137559765,1672.4806936499212,132.32213563770753,183260.6697913616,3701672.137559765,1672.4806936499212,132.32213563770753,183260.6697913616
320.0,3712925.4293214106,1660.365346685367,130.61442605926644,183265.92881044658,3712925.4293214106,1660.365346685367,130.61442605926644,183265.92881044658
321.0,3724148.1625731764,1648.913254056584,128.97925079615533,183271.12095728496,3724148.1625731764,1648.913254056584,128.97925079615533,183271.12095728496
322.0,3735340.366047538,1638.1101739359528,127.41423524924974,183276.24908609444,3735340.366047538,1638.1101739359528,127.41423524924974,183276.24908609444
323.0,3746502.0691642086,1627.9426722020726,125.91712351887986,183281.3159584643,3746502.0691642086,1627.9426722020726,125.91712351887986,183281.3159584643
324.0,3757633.3019687184,1618.3980945861833,124.48577287245209,183286.324247994,3757633.3019687184,1618.3980945861833,124.48577287245209,183286.324247994
325.0,3768734.095072642,1609.4645404793505,123.11814852527034,183291.27654471566,3768734.095072642,1609.4645404793505,123.11814852527034,183291.27654471566
326.0,3779804.4795953035,1601.1308383245002,121.81231871707021,183296.17535931445,3779804.4795953035,1601.1308383245002,121.81231871707021,183296.17535931445
327.0,3790844.487106901,1593.386522522149,120.56645006785067,183301.0231271568,3790844.487106901,1593.386522522149,120.56645006785067,183301.0231271568
328.0,3801854.1495729284,1586.2218117832244,119.37880319759512,183305.82221213865,3801854.1495729284,1586.2218117832244,119.37880319759512,183305.82221213865
329.0,3812833.499299781,1579.627588866647,118.24772859541962,183310.57491036388,3812833.499299781,1579.627588866647,118.24772859541962,183310.57491036388
330.0,3823782.5688814763,1573.595381643382,117.17166272457548,183315.2834536605,3823782.5688814763,1573.595381643382,117.17166272457548,183315.2834536605
331.0,3834701.391147374,1568.1173454325358,116.14912435056554,183319.95001294772,3834701.391147374,1568.1173454325358,116.14912435056554,183319.95001294772
332.0,3845589.999110807,1563.1862465586664,115.1787110804223,183324.57670145854,3845589.999110807,1563.1862465586664,115.1787110804223,183324.57670145854
333.0,3856448.4259185586,1558.795447082978,114.25909610192953,183329.16557782888,3856448.4259185586,1558.795447082978,114.25909610192953,183329.16557782888
334.0,3867276.70480105,1554.938890664298,113.38902511226411,183333.71864905977,3867276.70480105,1554.938890664298,113.38902511226411,183333.71864905977
335.0,3878074.8690232094,1551.6110895088786,112.5673134261876,183338.23787335973,3878074.8690232094,1551.6110895088786,112.5673134261876,183338.23787335973
336.0,3888842.951835906,1548.807112371048,111.79284325452849,183342.72516287593,3888842.951835906,1548.807112371048,111.79284325452849,183342.72516287593
337.0,3899580.9864278818,1546.5225735694971,111.06456114427523,183347.18238631877,3899580.9864278818,1546.5225735694971,111.06456114427523,183347.18238631877
338.0,3910289.0058780867,1544.7536229867774,110.38147557214292,183351.6113714875,3910289.0058780867,1544.7536229867774,110.38147557214292,183351.6113714875
339.0,3920967.0431083725,1543.4969370220779,109.74265468398703,183356.01390770264,3920967.0431083725,1543.4969370220779,109.74265468398703,183356.01390770264
340.0,3931615.1308364253,1542.749710469875,109.14722417292168,183360.3917481501,3931615.1308364253,1542.749710469875,109.14722417292168,183360.3917481501
341.0,3942233.301528903,1542.509649299389,108.59436528945417,183364.7466121442,3942233.301528903,1542.509649299389,108.59436528945417,183364.7466121442
342.0,3952821.587354674,1542.7749643120474,108.08331297737323,183369.08018731157,3952821.587354674,1542.7749643120474,108.08331297737323,183369.08018731157
343.0,3963380.020138099,1543.5443656563582,107.6133541295367,183373.39413170572,3963380.020138099,1543.5443656563582,107.6133541295367,183373.39413170572
344.0,3973908.6313122706,1544.8170581816864,107.18382595808463,183377.69007585134,3973908.6313122706,1544.8170581816864,107.18382595808463,183377.69007585134
345.0,3984407.451872155,1546.5927376144691,106.79411447396194,183381.96962472756,3984407.451872155,1546.5927376144691,106.79411447396194,183381.96962472756
346.0,3994876.512327548,1548.8715875423495,106.4436530709801,183386.23435969118,3994876.512327548,1548.8715875423495,106.4436530709801,183386.23435969118
347.0,4005315.842655771,1551.654277193659,106.13192120996626,183390.4858403458,4005315.842655771,1551.654277193659,106.13192120996626,183390.4858403458
348.0,4015725.472254052,1554.9419600014862,105.85844319885574,183394.7256063603,4015725.472254052,1554.9419600014862,105.85844319885574,183394.7256063603
349.0,4026105.4298915053,1558.7362729433971,105.62278706487152,183398.95517924053,4026105.4298915053,1558.7362729433971,105.62278706487152,183398.95517924053
350.0,4036455.743660638,1563.0393366496307,105.4245635152101,183403.17606405658,4036455.743660638,1563.0393366496307,105.4245635152101,183403.17606405658
351.0,4046776.440928303,1567.8537562743304,105.26342498291389,183407.38975113153,4046776.440928303,1567.8537562743304,105.26342498291389,183407.38975113153
352.0,4057067.548286038,1573.182623126032,105.13906475485643,183411.59771769302,4057067.548286038,1573.182623126032,105.13906475485643,183411.59771769302
353.0,4067329.091499717,1579.029517055333,105.05121617900406,183415.8014294912,4067329.091499717,1579.029517055333,105.05121617900406,183415.8014294912
354.0,4077561.095458407,1585.3985095992966,104.99965194834269,183420.002342387,4077561.095458407,1585.3985095992966,104.99965194834269,183420.002342387
355.0,4087763.584122399,1592.294167883748,104.98418345906981,183424.201903913,4087763.584122399,1592.294167883748,104.98418345906981,183424.201903913
356.0,4097936.5804702872,1599.7215592862713,105.00466024086134,183428.40155481058,4097936.5804702872,1599.7215592862713,105.00466024086134,183428.40155481058
357.0,4108080.106445058,1607.6862568642805,105.06096945721472,183432.6027305442,4108080.106445058,1607.6862568642805,105.06096945721472,183432.6027305442
358.0,4118194.182899074,1616.1943455541632,105.15303547406062,183436.8068627991,4118194.182899074,1616.1943455541632,105.15303547406062,183436.8068627991
359.0,4128278.8295378885,1625.2524291490777,105.28081949501417,183441.015380961,4128278.8295378885,1625.2524291490777,105.28081949501417,183441.015380961
360.0,4138334.0648627924,1634.867638064589,105.44431926181217,183445.22971358438,4138334.0648627924,1634.867638064589,105.44431926181217,183445.22971358438
